target_id	category	PatMatFC	DadMomFC	MatMomFC	PatDadFC	PolyRank	DipRank	MomRank	DadRank
AsAa_g2616_AsAt_g1183	Not-organelle-targeted	15.1649566465799	13.0006731807097	NA	NA	1	1	NA	NA
AsAa_g9278_AsAt_g9231	Dual-targeted_Non-interacting	-13.2441894323385	0.795528334299431	1.62262588252224	-12.4195303808666	2	4603	913	1
AsAa_g9289_AsAt_g9219	Not-organelle-targeted	-12.8345334162928	1.19936724343037	2.02757134133348	-12.0054063117747	3	3170	689	3
AsAa_g9263_AsAt_g9244	Not-organelle-targeted	-12.6471830540083	NA	1.59736703259615	-11.2735094611659	4	NA	932	7
AsAa_g9319_AsAt_g9188	Plastid-targeted_Non-interacting	-12.6133330850338	NA	1.08254610603252	-11.3191351271103	5	NA	1478	6
AsAa_g9313_AsAt_g9194	Not-organelle-targeted	-11.7947236658454	0.402629793127262	0.836977530896214	-11.382254233778	6	6058	1863	5
AsAa_g9271_AsAt_g9236	Not-organelle-targeted	-11.7932405504292	1.5636609213508	1.91627651435233	-11.4081831984715	7	2262	743	4
AsAa_g9297_AsAt_g9211	Mitochondria-targeted_Non-interacting	-11.7664477509079	-0.685626983610472	1.09336070851387	-10.0019495973697	8	5022	1464	25
AsAa_g9305_AsAt_g9204	Not-organelle-targeted	-11.6076667558137	NA	NA	-10.6185224701641	9	NA	NA	11
AsAa_g12697_AsAt_g10559	Not-organelle-targeted	-11.537598730041	-5.07390102395912	4.53658191761042	NA	10	229	111	NA
AsAa_g9256_AsAt_g9253	Not-organelle-targeted	-11.5129913038619	NA	0.894948209835174	-10.8503031309501	11	NA	1769	9
AsAa_g18041_AsAt_g15135	Not-organelle-targeted	11.4213600999938	5.0849458512151	-9.19669599854434	-2.87577035151439	12	225	6	375
AsAa_g9266_AsAt_g9241	Not-organelle-targeted	-11.3802566453521	NA	1.14189314537915	-10.1696246618386	13	NA	1401	20
AsAa_g9308_AsAt_g9199	Dual-targeted_Non-interacting	-11.3087160112259	-1.78313190166986	NA	-9.15629612688968	14	1861	NA	35
AsAa_g20337_AsAt_g19894	Not-organelle-targeted	11.2549163245763	12.9029383560318	NA	NA	15	4	NA	NA
AsAa_g9290_AsAt_g9218	Not-organelle-targeted	-11.1799575172425	NA	1.47547119822965	-10.0200202861461	16	NA	1027	24
AsAa_g9261_AsAt_g9247	Plastid-targeted_Non-interacting	-11.1466642937264	-1.03669755746374	NA	-9.68320708602841	17	3696	NA	27
AsAa_g9281_AsAt_g9228	Not-organelle-targeted	-11.0707027642775	NA	NA	-10.6201849819344	18	NA	NA	10
AsAa_g9247_AsAt_g9261	Plastid-targeted_Non-interacting	-11.0368336761596	-0.414271941080812	NA	-9.76595998957661	19	6034	NA	26
AsAa_g5417_AsAt_g3642	Not-organelle-targeted	-10.9820071349433	-11.0227596258355	NA	NA	20	12	NA	NA
AsAa_g14433_AsAt_g9273	Plastid-targeted_Non-interacting	-10.8999854526552	-12.9566647609135	-1.17221994222953	NA	21	2	1353	NA
AsAa_g9304_AsAt_g9205	Plastid-targeted_Non-interacting	-10.8458355608431	-0.891600976908852	1.31593264824597	-8.62946751116954	22	4215	1174	45
AsAa_g9276_AsAt_g9233	Not-organelle-targeted	-10.8374846208228	NA	1.54433182397279	-9.31790626992104	23	NA	964	32
AsAa_g9268_AsAt_g9239	Not-organelle-targeted	-10.8247696817813	NA	1.13280706015749	-9.39417999129616	24	NA	1413	29
AsAa_g9243_AsAt_g9265	Not-organelle-targeted	-10.7675561875036	0.665900963162148	1.07317003238794	-10.377814424002	25	5118	1482	16
AsAa_g21268_AsAt_g19263	Not-organelle-targeted	10.6620142672539	7.37862402905289	NA	2.20830985176031	26	67	NA	616
AsAa_g20637_AsAt_g19616	Not-organelle-targeted	10.62485226776	5.4141588066392	-5.83244942868724	NA	27	188	51	NA
AsAa_g5966_AsAt_g4210	Not-organelle-targeted	10.5880621291631	6.59355308997695	NA	0.968435488827796	28	103	NA	2100
AsAa_g9253_AsAt_g9256	Mitochondria-targeted_Interacting	-10.5001518412501	NA	1.08809525440966	-9.12724554571159	29	NA	1474	36
AsAa_g16303_AsAt_g20431	Not-organelle-targeted	10.4746762791039	3.74315217371969	NA	4.0530683667435	30	496	NA	193
AsAa_g5665_AsAt_g3936	Not-organelle-targeted	-10.3895265533958	-11.8724849813052	NA	NA	31	6	NA	NA
AsAa_g9267_AsAt_g9240	Plastid-targeted_Non-interacting	-10.3735992166068	0.504599593971727	1.52592572155353	-9.35400496501827	32	5737	980	30
AsAa_g4100_AsAt_g5508	Not-organelle-targeted	-10.3059505758683	-10.1340555834189	1.94551206633758	NA	33	18	728	NA
AsAa_g15623_AsAt_g21087	Not-organelle-targeted	10.2357747950668	9.74165566923057	NA	NA	34	22	NA	NA
AsAa_g11583_AsAt_g7201	Not-organelle-targeted	10.232872769808	-0.563427514443219	-9.90891948294975	0.864238724180858	35	5506	2	2398
AsAa_g9273_AsAt_g9235	Not-organelle-targeted	-10.2168437947451	0.819768986230383	0.840754232364536	-10.2282499160002	36	4515	1854	18
AsAa_g9258_AsAt_g9250	Plastid-targeted_Non-interacting	-10.1795165809516	NA	0.909713067119836	-9.03228480312139	37	NA	1754	37
AsAa_g2565_AsAt_g1237	Not-organelle-targeted	10.1563083899674	3.30643183890996	-7.23526973566345	NA	38	646	22	NA
AsAa_g9280_AsAt_g9229	Not-organelle-targeted	-10.1125216300547	2.53737259264747	2.16511706102377	-10.5080377719349	39	1051	613	13
AsAa_g9288_AsAt_g9220	Not-organelle-targeted	-10.0905881280774	1.68326875237259	1.32317977715404	-10.4657685154542	40	2021	1171	14
AsAa_g9251_AsAt_g9258	Plastid-targeted_Non-interacting	-10.0529961568308	NA	NA	-10.2780851604525	41	NA	NA	17
AsAa_g9282_AsAt_g9227	Mitochondria-targeted_Interacting	-9.99511996824455	-1.68319615412306	1.55200730569585	-6.75848484112377	42	2022	960	81
AsAa_g9309_AsAt_g9198	Mitochondria-targeted_Interacting	-9.87366817094779	1.5090607251231	1.22707312220051	-10.1802786809856	43	2395	1284	19
AsAa_g9269_AsAt_g9238	Not-organelle-targeted	-9.74204139663829	1.19398998652978	1.74692249476139	-9.19247823924989	44	3188	833	33
AsAa_g9302_AsAt_g9207	Not-organelle-targeted	-9.73684785311097	0.822374656089597	1.15860107957747	-9.39538142477053	45	4502	1376	28
AsAa_g83_AsAt_g3719	Not-organelle-targeted	9.67560725541793	11.8017866586669	NA	-1.16748195121817	46	8	NA	1668
AsAa_g9298_AsAt_g9210	Not-organelle-targeted	-9.65015944618849	NA	NA	-7.47858382386494	47	NA	NA	58
AsAa_g11588_AsAt_g7199	Not-organelle-targeted	-9.62856208032559	-7.71101381848936	NA	NA	48	57	NA	NA
AsAa_g17125_AsAt_g16292	Not-organelle-targeted	9.50765449421871	NA	NA	9.1570954531641	49	NA	NA	34
AsAa_g9254_AsAt_g9255	Not-organelle-targeted	-9.43700840624919	1.13648407073932	1.24798099156196	-9.33936522083122	50	3379	1251	31
AsAa_g14719_AsAt_g21948	Not-organelle-targeted	9.40538976269478	6.28714148239301	NA	4.13981950076003	51	115	NA	186
AsAa_g17080_AsAt_g16318	Not-organelle-targeted	9.31089727292384	3.59734864306205	-6.19591744653687	-0.525620876238819	52	536	38	3465
AsAa_g6668_AsAt_g12722	Not-organelle-targeted	-9.30033385832914	-9.98189221858732	NA	NA	53	19	NA	NA
AsAa_g1757_AsAt_g2217	Not-organelle-targeted	9.26121586652179	2.32456468834512	-5.11260127765264	1.75693920235984	54	1225	75	908
AsAa_g15772_AsAt_g20939	Not-organelle-targeted	9.17992986562522	5.35364205476295	-2.63478417814439	NA	55	195	413	NA
AsAa_g3428_AsAt_g13465	Not-organelle-targeted	-9.17807259822099	NA	NA	-7.4275338087614	56	NA	NA	59
AsAa_g10849_AsAt_g7750	Not-organelle-targeted	9.10993883518639	2.05353981650923	-7.17284259825998	NA	57	1512	24	NA
AsAa_g3841_AsAt_g5676	Not-organelle-targeted	9.06777915643042	8.35608146177995	NA	NA	58	35	NA	NA
AsAa_g14475_AsAt_g22172	Plastid-targeted_Non-interacting	-9.04445170220253	NA	0.655930602701431	-7.35380041133967	59	NA	2246	61
AsAa_g13765_AsAt_g9909	Not-organelle-targeted	9.03675507968256	NA	-8.23952821606659	NA	60	NA	11	NA
AsAa_g11111_AsAt_g7516	Not-organelle-targeted	9.02351215899307	12.9295672673909	NA	-0.838273384820695	61	3	NA	2475
AsAa_g7680_AsAt_g12180	Not-organelle-targeted	-8.74629414705749	-7.22734358138329	NA	NA	62	71	NA	NA
AsAa_g456_AsAt_g3298	Not-organelle-targeted	8.74558581122276	11.1127060378912	NA	-1.3918799403606	63	11	NA	1290
AsAa_g4823_AsAt_g4788	Not-organelle-targeted	8.73068194516286	NA	-5.83417203668308	5.55266557826516	64	NA	50	109
AsAa_g22782_AsAt_g17720	Not-organelle-targeted	-8.60630332442146	NA	NA	-8.3436271741594	65	NA	NA	48
AsAa_g17752_AsAt_g13762	Not-organelle-targeted	8.5062096928044	9.21765857624274	NA	NA	66	25	NA	NA
AsAa_g9259_AsAt_g9249	Not-organelle-targeted	-8.4712966385981	NA	NA	-7.12732788069147	67	NA	NA	70
AsAa_g6745_AsAt_g11644	Not-organelle-targeted	8.43408126645494	5.86034144568413	NA	2.38492989027083	68	139	NA	543
AsAa_g9265_AsAt_g9242	Plastid-targeted_Non-interacting	-8.42174969888131	0.856107256753692	1.52340186650834	-7.74327554130028	69	4363	983	53
AsAa_g10769_AsAt_g7842	Not-organelle-targeted	-8.41409856457867	-1.78486076195294	NA	-7.0864660129103	70	1857	NA	72
AsAa_g9242_AsAt_g9266	Not-organelle-targeted	-8.36908476560033	1.79192568266409	1.7235016471676	-8.44065128854267	71	1845	846	47
AsAa_g11973_AsAt_g5852	Not-organelle-targeted	8.34958312510997	8.97534873289792	NA	-0.819576878947122	72	28	NA	2538
AsAa_g14585_AsAt_g22095	Not-organelle-targeted	8.27634841288227	9.9376213776012	NA	NA	73	20	NA	NA
AsAa_g9318_AsAt_g9189	Not-organelle-targeted	-8.20796255425038	NA	NA	-7.55303577267772	74	NA	NA	56
AsAa_g9310_AsAt_g9197	Not-organelle-targeted	-8.18778166588354	-1.56231344421115	NA	-6.17351177923537	75	2265	NA	91
AsAa_g14822_AsAt_g21846	Not-organelle-targeted	8.1753946587401	8.8322820954888	NA	NA	76	29	NA	NA
AsAa_g9283_AsAt_g9226	Plastid-targeted_Non-interacting	-8.09884815193231	1.56832655086933	2.50651479458032	-7.15280256353468	77	2253	475	67
AsAa_g3922_AsAt_g5756	Not-organelle-targeted	8.07330554975718	7.70714170402581	NA	NA	78	58	NA	NA
AsAa_g14107_AsAt_g9591	Not-organelle-targeted	8.06746892892275	NA	NA	4.93433013446394	79	NA	NA	143
AsAa_g19567_AsAt_g15601	Not-organelle-targeted	8.02374584766757	11.8035778006377	NA	NA	80	7	NA	NA
AsAa_g2527_AsAt_g1276	Not-organelle-targeted	-8.00198426150152	-4.80877887350104	NA	NA	81	275	NA	NA
AsAa_g14338_AsAt_g9366	Dual-targeted_Non-interacting	7.97781437619565	-1.79040794501321	-9.7144163114142	NA	82	1848	3	NA
AsAa_g9248_AsAt_g9260	Not-organelle-targeted	-7.95439915290848	NA	0.93374893140532	-7.31517978768801	83	NA	1709	62
AsAa_g11244_AsAt_g7412	Not-organelle-targeted	7.95049009786811	8.69669047845999	4.5410323575089	3.79368744180019	84	31	109	226
AsAa_g16968_AsAt_g16412	Not-organelle-targeted	-7.94004735841409	NA	8.92890843907401	NA	85	NA	7	NA
AsAa_g1339_AsAt_g2464	Not-organelle-targeted	-7.93940323653218	-8.0922900578513	NA	NA	86	45	NA	NA
AsAa_g6703_AsAt_g12792	Not-organelle-targeted	7.91966074351834	7.90766906224867	NA	1.9341788415749	87	51	NA	766
AsAa_g7634_AsAt_g12225	Not-organelle-targeted	-7.91660863225051	-1.02361395886526	NA	-7.03531042131115	88	3750	NA	74
AsAa_g9067_AsAt_g6745	Not-organelle-targeted	-7.91154189311406	-7.59118702079652	NA	NA	89	59	NA	NA
AsAa_g8833_AsAt_g6529	Not-organelle-targeted	7.89971542654207	6.17915662927084	NA	NA	90	121	NA	NA
AsAa_g7888_AsAt_g11963	Not-organelle-targeted	7.89301537093196	2.1493210976237	-4.66276664164396	NA	91	1401	103	NA
AsAa_g21350_AsAt_g19320	Not-organelle-targeted	-7.86422221457585	1.82625059386337	1.4194506258409	-8.2661118447625	92	1807	1077	49
AsAa_g12633_AsAt_g10990	Not-organelle-targeted	7.8341268690747	NA	NA	8.71698808017947	93	NA	NA	44
AsAa_g7935_AsAt_g11928	Not-organelle-targeted	-7.82745661475347	-9.89081875865702	NA	NA	94	21	NA	NA
AsAa_g1918_AsAt_g1895	Not-organelle-targeted	7.72346207006494	2.88667618785898	NA	1.38116220083771	95	831	NA	1301
AsAa_g21566_AsAt_g18857	Not-organelle-targeted	7.63240518686456	-2.63502001966548	-5.32502652321771	4.90997082572003	96	987	61	144
AsAa_g11327_AsAt_g7366	Plastid-targeted_Non-interacting	7.60228818626964	4.74523828793285	NA	2.28763118875644	97	283	NA	583
AsAa_g6437_AsAt_g5446	Plastid-targeted_Interacting	7.60005253850446	4.59711528348175	NA	NA	98	308	NA	NA
AsAa_g17034_AsAt_g16355	Not-organelle-targeted	7.51033507871907	NA	NA	7.99794578641546	99	NA	NA	50
AsAa_g20843_AsAt_g19433	Not-organelle-targeted	-7.43447680931019	NA	NA	-7.54300063298076	100	NA	NA	57
AsAa_g11418_AsAt_g7311	Not-organelle-targeted	7.38306278289821	6.25914004494879	NA	-1.10334910270007	101	118	NA	1807
AsAa_g23282_AsAt_g17228	Not-organelle-targeted	7.31307604671073	8.18454614429549	NA	NA	102	40	NA	NA
AsAa_g16624_AsAt_g20100	Not-organelle-targeted	7.30793386243485	6.54631308643307	NA	2.53573094004263	103	105	NA	485
AsAa_g18070_AsAt_g14125	Not-organelle-targeted	7.30592179216367	5.71274209470102	NA	1.3691968962832	104	151	NA	1320
AsAa_g179_AsAt_g3564	Not-organelle-targeted	7.28376422301368	7.09592823549029	NA	NA	105	74	NA	NA
AsAa_g10449_AsAt_g8149	Not-organelle-targeted	-7.26418070244927	NA	0.823559697484832	-6.54421894091618	106	NA	1900	85
AsAa_g4234_AsAt_g5364	Not-organelle-targeted	7.21985186420041	NA	NA	NA	107	NA	NA	NA
AsAa_g4853_AsAt_g4766	Not-organelle-targeted	7.15427137434575	3.70362987981624	-2.50474446701823	0.847121150109067	108	508	476	2445
AsAa_g15187_AsAt_g21509	Not-organelle-targeted	7.14093972478658	3.65408332116716	NA	NA	109	522	NA	NA
AsAa_g9260_AsAt_g9248	Not-organelle-targeted	-7.13925195069141	NA	NA	-5.52636266823269	110	NA	NA	112
AsAa_g9837_AsAt_g8721	Not-organelle-targeted	7.1261188425936	6.79841647526271	NA	NA	111	88	NA	NA
AsAa_g16465_AsAt_g20256	Not-organelle-targeted	7.1240580458258	NA	NA	4.36894549679743	112	NA	NA	176
AsAa_g7119_AsAt_g13213	Not-organelle-targeted	-7.10549901957828	-2.23487703501936	-1.23530831792832	-6.11186214508617	113	1312	1272	93
AsAa_g7147_AsAt_g12698	Not-organelle-targeted	-7.08054740866666	-6.88427658856009	NA	NA	114	82	NA	NA
AsAa_g5128_AsAt_g4521	Not-organelle-targeted	-7.06685249029409	NA	NA	NA	115	NA	NA	NA
AsAa_g9246_AsAt_g9262	Not-organelle-targeted	-7.05493044850614	1.417107930876	1.1753574253187	-7.29661669188876	116	2603	1347	63
AsAa_g10158_AsAt_g8430	Not-organelle-targeted	-6.98443127369539	-2.47327949612802	NA	-4.02341480300305	117	1095	NA	199
AsAa_g4947_AsAt_g4675	Not-organelle-targeted	6.9777424909303	1.2098147093535	-4.89926540793739	NA	118	3136	89	NA
AsAa_g19611_AsAt_g15644	Not-organelle-targeted	6.9749302916342	4.88647450596191	NA	0.952188088523617	119	257	NA	2156
AsAa_g17351_AsAt_g16845	Not-organelle-targeted	6.95872363996162	6.87975600659822	NA	NA	120	84	NA	NA
AsAa_g21115_AsAt_g19120	Not-organelle-targeted	-6.94592891307975	-1.62317652079053	NA	-5.38030127809829	121	2145	NA	121
AsAa_g1077_AsAt_g2705	Not-organelle-targeted	-6.93532597345273	-2.91105887358617	NA	-4.65621171768722	122	821	NA	151
AsAa_g9257_AsAt_g9252	Not-organelle-targeted	-6.84009775353024	NA	1.09836457028305	-6.08820482357853	123	NA	1458	95
AsAa_g8228_AsAt_g11652	Not-organelle-targeted	-6.83184379472952	-6.46921455537689	0.502952544980163	NA	124	108	2579	NA
AsAa_g8703_AsAt_g6397	Mitochondria-targeted_Non-interacting	-6.824729606977	-3.21641073158213	NA	-4.06134082039306	125	681	NA	192
AsAa_g9314_AsAt_g9193	Not-organelle-targeted	-6.81807539886591	0.591630386551999	0.825539879402925	-6.5958281983221	126	5402	1894	83
AsAa_g23101_AsAt_g17417	Not-organelle-targeted	-6.78574219575934	-5.45527404696404	NA	NA	127	183	NA	NA
AsAa_g7791_AsAt_g12065	Not-organelle-targeted	6.6934908638993	5.42018515350555	NA	0.633610174010916	128	187	NA	3138
AsAa_g11172_AsAt_g7468	Not-organelle-targeted	-6.65401099244248	0.939983053087863	NA	-7.27419889647858	129	4039	NA	64
AsAa_g410_AsAt_g3346	Not-organelle-targeted	6.61345651590445	6.65838347527598	NA	NA	130	97	NA	NA
AsAa_g9292_AsAt_g9216	Not-organelle-targeted	-6.60354807158356	NA	NA	-5.47422570329446	131	NA	NA	115
AsAa_g4434_AsAt_g5168	Not-organelle-targeted	6.57968667371705	NA	NA	7.01517414952291	132	NA	NA	76
AsAa_g3570_AsAt_g249	Not-organelle-targeted	-6.5636025523603	NA	NA	-6.59548449559786	133	NA	NA	84
AsAa_g18992_AsAt_g15036	Not-organelle-targeted	6.56079323767402	NA	NA	7.14703538157979	134	NA	NA	68
AsAa_g20334_AsAt_g19898	Not-organelle-targeted	6.55943299328066	3.33099406863022	NA	2.2404501701721	135	640	NA	600
AsAa_g13726_AsAt_g9941	Not-organelle-targeted	6.54101034718845	NA	NA	4.5601175699726	136	NA	NA	164
AsAa_g4624_AsAt_g4976	Not-organelle-targeted	6.49328871997719	NA	NA	NA	137	NA	NA	NA
AsAa_g8241_AsAt_g11642	Not-organelle-targeted	-6.48428104922792	-5.4901003778866	NA	NA	138	176	NA	NA
AsAa_g4657_AsAt_g4945	Not-organelle-targeted	6.41587715012172	NA	NA	5.19549024804852	139	NA	NA	129
AsAa_g9277_AsAt_g9232	Plastid-targeted_Non-interacting	-6.41406032354746	NA	NA	-5.3061001828744	140	NA	NA	124
AsAa_g23119_AsAt_g17393	Not-organelle-targeted	6.39901017167503	2.8955551213922	NA	4.77616978373749	141	827	NA	146
AsAa_g16600_AsAt_g20131	Not-organelle-targeted	6.38409948224333	NA	NA	7.07763895553506	142	NA	NA	73
AsAa_g15705_AsAt_g21006	Not-organelle-targeted	-6.38182104605244	NA	NA	NA	143	NA	NA	NA
AsAa_g10678_AsAt_g7930	Not-organelle-targeted	6.27217131015706	NA	NA	7.19217757992735	144	NA	NA	65
AsAa_g15688_AsAt_g21022	Not-organelle-targeted	6.26987956490629	4.28208140785373	-2.44356688312783	NA	145	373	498	NA
AsAa_g6708_AsAt_g12796	Not-organelle-targeted	6.22119722397846	7.87433712236608	NA	NA	146	52	NA	NA
AsAa_g18333_AsAt_g14382	Not-organelle-targeted	-6.22033293091156	NA	NA	NA	147	NA	NA	NA
AsAa_g9244_AsAt_g9264	Not-organelle-targeted	-6.18384950220875	NA	NA	-6.00534325416156	148	NA	NA	99
AsAa_g4233_AsAt_g5365	Not-organelle-targeted	6.16548667892738	5.6551321268464	NA	NA	149	159	NA	NA
AsAa_g20466_AsAt_g19775	Not-organelle-targeted	-6.14315982583506	-4.3600439054296	NA	NA	150	359	NA	NA
AsAa_g14357_AsAt_g9345	Not-organelle-targeted	6.13670870134095	NA	NA	5.85413466516924	151	NA	NA	102
AsAa_g12481_AsAt_g11213	Not-organelle-targeted	6.11985947102347	2.08791436003755	NA	NA	152	1480	NA	NA
AsAa_g22333_AsAt_g18171	Not-organelle-targeted	6.08808146568724	2.90986730747299	NA	1.68462749707862	153	822	NA	977
AsAa_g4668_AsAt_g4935	Not-organelle-targeted	6.06400993698264	5.39886485419695	NA	NA	154	190	NA	NA
AsAa_g14007_AsAt_g9674	Not-organelle-targeted	-6.0635948854874	-5.75828068664907	NA	NA	155	146	NA	NA
AsAa_g9317_AsAt_g9190	Not-organelle-targeted	-6.05953586944031	-5.66904612130586	NA	NA	156	156	NA	NA
AsAa_g1919_AsAt_g1894	Not-organelle-targeted	6.04659365562041	3.61291269884362	NA	2.77324706181283	157	530	NA	408
AsAa_g9341_AsAt_g9163	Not-organelle-targeted	-6.03144040930012	3.96827530340657	NA	-10.5223679322413	158	439	NA	12
AsAa_g13251_AsAt_g10406	Not-organelle-targeted	-6.02059701801679	NA	NA	-5.40728676631925	159	NA	NA	119
AsAa_g23056_AsAt_g17459	Not-organelle-targeted	-5.98515185810344	-6.49965850860152	NA	NA	160	107	NA	NA
AsAa_g14154_AsAt_g9549	Not-organelle-targeted	5.96557325521127	11.3789721124596	NA	NA	161	9	NA	NA
AsAa_g8690_AsAt_g6382	Not-organelle-targeted	-5.93918533245575	-6.71796172925432	NA	NA	162	93	NA	NA
AsAa_g15442_AsAt_g21264	Not-organelle-targeted	5.90437233357822	NA	NA	4.11952710247887	163	NA	NA	188
AsAa_g817_AsAt_g2977	Not-organelle-targeted	5.88537480363825	-5.49675528951788	-9.99536724286039	NA	164	175	1	NA
AsAa_g5788_AsAt_g4049	Not-organelle-targeted	5.84920680963497	5.12021150138764	NA	NA	165	219	NA	NA
AsAa_g3747_AsAt_g18	Not-organelle-targeted	5.84917770216627	2.99185192973757	NA	NA	166	778	NA	NA
AsAa_g6065_AsAt_g4300	Not-organelle-targeted	-5.83033138583667	-3.54655683311652	1.44208037403423	NA	167	554	1057	NA
AsAa_g20763_AsAt_g19505	Not-organelle-targeted	5.8257195306733	7.57998246961132	NA	NA	168	60	NA	NA
AsAa_g9303_AsAt_g9206	Not-organelle-targeted	-5.81986083998907	5.23219002937081	4.13765705568314	-6.93930066801518	169	205	152	79
AsAa_g5910_AsAt_g4182	Not-organelle-targeted	5.8171848052319	8.19111954794018	NA	-1.05299837251346	170	39	NA	1905
AsAa_g23261_AsAt_g17209	Not-organelle-targeted	-5.78989260302231	NA	6.7530998440583	NA	171	NA	28	NA
AsAa_g1250_AsAt_g2547	Plastid-targeted_Non-interacting	-5.75610490038284	NA	1.76777896722513	-4.44814795339803	172	NA	822	172
AsAa_g22614_AsAt_g17893	Not-organelle-targeted	-5.64302563749354	NA	4.53503999959076	-1.86321490233218	173	NA	114	820
AsAa_g14045_AsAt_g9635	Not-organelle-targeted	5.64160959888949	2.65780514435573	NA	3.40983355306466	174	971	NA	270
AsAa_g7754_AsAt_g12102	Not-organelle-targeted	5.63296346230678	2.91908519426327	-2.78012087877115	NA	175	812	373	NA
AsAa_g20320_AsAt_g19912	Not-organelle-targeted	5.63034765234738	4.43813133100709	NA	NA	176	347	NA	NA
AsAa_g9274_AsAt_g9234	Not-organelle-targeted	-5.62850639076074	NA	NA	-6.04140778027201	177	NA	NA	97
AsAa_g1714_AsAt_g2178	Plastid-targeted_Non-interacting	5.58082153892867	6.31993196842998	NA	NA	179	113	NA	NA
AsAa_g11180_AsAt_g7463	Not-organelle-targeted	5.57507492645246	NA	4.90925358254331	10.1299483657622	180	NA	86	21
AsAa_g19618_AsAt_g15650	Not-organelle-targeted	5.56922173550162	5.02217855134362	NA	NA	181	234	NA	NA
AsAa_g11726_AsAt_g7071	Not-organelle-targeted	5.54326296327704	6.03410225225133	NA	NA	182	131	NA	NA
AsAa_g4838_AsAt_g4778	Not-organelle-targeted	-5.52250552670289	3.94213602793145	1.844439556387	-7.85092790381621	184	442	777	51
AsAa_g12868_AsAt_g10760	Not-organelle-targeted	-5.50588278549774	1.85973775104839	1.53023801919856	-5.81738750756215	185	1755	974	103
AsAa_g22674_AsAt_g17828	Not-organelle-targeted	-5.47748414833058	NA	NA	-4.22763417042454	186	NA	NA	183
AsAa_g20941_AsAt_g18964	Not-organelle-targeted	5.45997933355337	NA	NA	5.00877331428504	189	NA	NA	140
AsAa_g11739_AsAt_g7059	Not-organelle-targeted	5.45365496626126	NA	-4.39534458195672	NA	190	NA	124	NA
AsAa_g20868_AsAt_g19409	Plastid-targeted_Non-interacting	-5.45122148087086	-4.99408594216306	NA	NA	192	241	NA	NA
AsAa_g17698_AsAt_g13813	Not-organelle-targeted	-5.44841370002068	-2.19222871883413	-1.43726622720376	-4.70944874607325	194	1356	1060	149
AsAa_g10412_AsAt_g8185	Not-organelle-targeted	5.44342744064194	NA	NA	4.03672200101721	195	NA	NA	196
AsAa_g3519_AsAt_g302	Not-organelle-targeted	5.43890874931067	6.76011262568365	NA	NA	196	91	NA	NA
AsAa_g21342_AsAt_g19315	Not-organelle-targeted	5.41671435304075	4.70621163272964	NA	NA	198	293	NA	NA
AsAa_g3565_AsAt_g254	Not-organelle-targeted	-5.37659863093391	-5.15376235621917	-3.70621553111338	-3.85565968253703	200	212	195	216
AsAa_g11528_AsAt_g7232	Not-organelle-targeted	5.37167336901345	-3.607462981845	-5.92073798111509	3.05808895277289	201	533	47	338
AsAa_g373_AsAt_g3382	Not-organelle-targeted	5.31203042946393	5.79924738597526	NA	NA	203	143	NA	NA
AsAa_g20793_AsAt_g19479	Not-organelle-targeted	5.29829477028782	5.46646119750968	NA	NA	207	181	NA	NA
AsAa_g14309_AsAt_g9401	Not-organelle-targeted	-5.26919664565302	-1.53461878264819	NA	-4.24412444881699	208	2335	NA	182
AsAa_g6123_AsAt_g13603	Not-organelle-targeted	-5.23724039177419	NA	NA	-7.37066616000987	210	NA	NA	60
AsAa_g2294_AsAt_g1514	Not-organelle-targeted	5.22870298614293	5.14594240283371	NA	-0.758658344933366	211	214	NA	2734
AsAa_g22221_AsAt_g18275	Not-organelle-targeted	5.19925305384425	NA	NA	6.10155664630441	212	NA	NA	94
AsAa_g7138_AsAt_g13231	Not-organelle-targeted	5.17755814313973	NA	NA	5.59658061556875	214	NA	NA	108
AsAa_g4541_AsAt_g5062	Not-organelle-targeted	5.16646694485675	4.70946783371068	NA	NA	215	292	NA	NA
AsAa_g2266_AsAt_g1540	Not-organelle-targeted	5.13458068056849	5.81796053851552	NA	NA	216	142	NA	NA
AsAa_g16825_AsAt_g16540	Not-organelle-targeted	5.0983821642357	1.20570236392524	-4.26243440147712	NA	217	3148	141	NA
AsAa_g2914_AsAt_g891	Not-organelle-targeted	-5.01950742859042	-4.95670478974433	NA	NA	224	245	NA	NA
AsAa_g22612_AsAt_g17895	Not-organelle-targeted	-5.01818887396677	-5.13812065772214	NA	NA	226	215	NA	NA
AsAa_g20007_AsAt_g16021	Not-organelle-targeted	5.0166173499298	5.36712374830676	NA	NA	227	192	NA	NA
AsAa_g14524_AsAt_g22217	Not-organelle-targeted	-4.96642955458226	1.53810874123002	-2.39110422957266	-8.88363804126408	231	2325	530	40
AsAa_g6978_AsAt_g13077	Not-organelle-targeted	4.92060980697911	5.46774792363416	NA	NA	235	180	NA	NA
AsAa_g23231_AsAt_g17181	Not-organelle-targeted	4.89696702117303	5.68831429382493	NA	NA	237	154	NA	NA
AsAa_g10154_AsAt_g8437	Not-organelle-targeted	4.89655817829892	NA	NA	5.42904942035677	238	NA	NA	117
AsAa_g20642_AsAt_g19613	Not-organelle-targeted	4.8372161533638	5.0450274167309	NA	NA	243	232	NA	NA
AsAa_g8067_AsAt_g11799	Not-organelle-targeted	4.83562993331721	6.65306176705591	NA	NA	244	98	NA	NA
AsAa_g1586_AsAt_g2055	Not-organelle-targeted	4.75867457879072	5.47317371116156	0.913429121404405	NA	248	179	1747	NA
AsAa_g5870_AsAt_g4126	Not-organelle-targeted	4.7583558628277	5.14697865928033	NA	NA	249	213	NA	NA
AsAa_g636_AsAt_g3146	Mitochondria-targeted_Non-interacting	4.75571191808466	7.39434701380019	NA	NA	250	65	NA	NA
AsAa_g15801_AsAt_g20907	Not-organelle-targeted	4.733653105011	5.96995049697095	NA	NA	254	134	NA	NA
AsAa_g11135_AsAt_g7495	Not-organelle-targeted	4.72727005225483	4.98809421747564	NA	NA	255	243	NA	NA
AsAa_g21009_AsAt_g19032	Not-organelle-targeted	4.72506531181624	NA	NA	5.14464061764775	257	NA	NA	131
AsAa_g9163_AsAt_g6832	Not-organelle-targeted	-4.71226996402342	-8.11236164539587	NA	NA	259	44	NA	NA
AsAa_g14947_AsAt_g21738	Not-organelle-targeted	-4.67107777452796	NA	5.65856023203843	NA	265	NA	56	NA
AsAa_g23105_AsAt_g17412	Plastid-targeted_Non-interacting	4.56163809915006	8.45135273248369	NA	-0.805187197073507	276	34	NA	2576
AsAa_g8227_AsAt_g11653	Not-organelle-targeted	4.53664259111314	5.47781741653459	NA	NA	277	177	NA	NA
AsAa_g9951_AsAt_g8608	Not-organelle-targeted	4.524789660011	NA	NA	7.82562145347238	282	NA	NA	52
AsAa_g3230_AsAt_g571	Mitochondria-targeted_Interacting	-4.51774335280814	-4.70970975548146	NA	-0.700724301664359	283	291	NA	2919
AsAa_g8217_AsAt_g11662	Not-organelle-targeted	4.51618237872578	NA	NA	5.60454031729994	285	NA	NA	107
AsAa_g18810_AsAt_g14864	Not-organelle-targeted	-4.49734549441609	-6.76366657184434	NA	NA	287	90	NA	NA
AsAa_g10883_AsAt_g7717	Plastid-targeted_Interacting	4.43923746219453	5.50860411956697	NA	NA	289	172	NA	NA
AsAa_g9085_AsAt_g6764	Not-organelle-targeted	-4.42399579775144	NA	5.98610496487773	NA	290	NA	45	NA
AsAa_g19002_AsAt_g15048	Not-organelle-targeted	-4.4170597062048	1.38159601413021	NA	-6.95935030331384	292	2690	NA	78
AsAa_g11480_AsAt_g7272	Not-organelle-targeted	4.4128620350645	8.04097352726482	NA	-2.15342599288216	293	47	NA	639
AsAa_g18410_AsAt_g14467	Not-organelle-targeted	4.39807199754362	4.87856332831697	NA	NA	294	261	NA	NA
AsAa_g4009_AsAt_g5598	Not-organelle-targeted	-4.39618546617568	-5.60653305065263	-2.83975809787297	NA	295	161	356	NA
AsAa_g6950_AsAt_g13051	Not-organelle-targeted	4.39018024022471	7.73640330182998	NA	-2.29720997119727	297	56	NA	580
AsAa_g217_AsAt_g3528	Not-organelle-targeted	4.371302406187	NA	-4.76719506214372	-1.70549794711556	299	NA	99	953
AsAa_g15526_AsAt_g21184	Not-organelle-targeted	4.37005644534887	NA	-5.19608905899136	NA	300	NA	70	NA
AsAa_g3131_AsAt_g676	Not-organelle-targeted	4.35784733230836	5.130223982781	NA	NA	302	217	NA	NA
AsAa_g12820_AsAt_g10804	Not-organelle-targeted	4.35401081083263	5.07947513479636	NA	NA	303	228	NA	NA
AsAa_g6696_AsAt_g12783	Not-organelle-targeted	-4.32218155879028	NA	NA	-4.60825033279133	307	NA	NA	155
AsAa_g20994_AsAt_g19018	Not-organelle-targeted	4.29393483939266	5.55859038325846	NA	NA	311	165	NA	NA
AsAa_g7587_AsAt_g12269	Not-organelle-targeted	-4.24999996506635	-7.78872205044877	-2.97780295285588	NA	315	55	327	NA
AsAa_g17882_AsAt_g13921	Not-organelle-targeted	4.23254895612353	5.97804360025828	NA	NA	319	133	NA	NA
AsAa_g21866_AsAt_g18610	Not-organelle-targeted	-4.23191732714882	-4.60260635401971	NA	NA	320	305	NA	NA
AsAa_g4115_AsAt_g5486	Not-organelle-targeted	4.21293504531195	-5.35507572356113	-5.94043185042407	3.61412093487778	324	194	46	245
AsAa_g5909_AsAt_g4183	Not-organelle-targeted	4.21204576426489	5.13208642008598	NA	-1.08475473865182	325	216	NA	1853
AsAa_g3766_AsAt_g37	Not-organelle-targeted	-4.21132591047106	-4.89186938624833	NA	NA	326	255	NA	NA
AsAa_g7335_AsAt_g12521	Not-organelle-targeted	4.20127695932609	4.73158462404212	NA	2.12682405831109	327	285	NA	652
AsAa_g4960_AsAt_g4664	Not-organelle-targeted	4.17639981196195	-5.01376496090389	NA	6.75678323483497	329	237	NA	82
AsAa_g15271_AsAt_g21436	Not-organelle-targeted	-4.17625955588516	-5.36395417734174	NA	NA	330	193	NA	NA
AsAa_g22251_AsAt_g18246	Not-organelle-targeted	4.13240479372256	NA	NA	4.6430639580193	337	NA	NA	153
AsAa_g243_AsAt_g22049	Not-organelle-targeted	4.08578468357874	7.00977966953959	8.0181138788371	5.06295352577278	344	76	13	134
AsAa_g5752_AsAt_g4015	Not-organelle-targeted	4.06510497739756	NA	NA	4.34663203537179	347	NA	NA	179
AsAa_g4809_AsAt_g4799	Not-organelle-targeted	4.02470844373457	NA	NA	4.55056565552422	352	NA	NA	165
AsAa_g17402_AsAt_g16889	Not-organelle-targeted	4.00036687396886	5.64081334751543	NA	NA	358	160	NA	NA
AsAa_g22361_AsAt_g18147	Not-organelle-targeted	3.95878260173957	-2.84646289271654	-6.09603294800883	NA	364	858	41	NA
AsAa_g5207_AsAt_g4464	Not-organelle-targeted	-3.95527619716259	-5.03123577492253	NA	NA	365	233	NA	NA
AsAa_g14404_AsAt_g9302	Not-organelle-targeted	-3.92517370005971	NA	6.06692812471717	NA	371	NA	43	NA
AsAa_g7749_AsAt_g12108	Not-organelle-targeted	3.87851116250205	NA	-4.32093430769132	NA	377	NA	133	NA
AsAa_g23276_AsAt_g17222	Not-organelle-targeted	-3.85989627443657	-8.03860674402351	NA	3.90634848163159	381	48	NA	212
AsAa_g241_AsAt_g3504	Not-organelle-targeted	3.84799686568953	NA	NA	5.32254993418458	385	NA	NA	123
AsAa_g499_AsAt_g3262	Not-organelle-targeted	-3.81681732433609	-4.88279359034196	NA	NA	393	259	NA	NA
AsAa_g19934_AsAt_g15946	Plastid-targeted_Non-interacting	3.81442665940498	NA	2.54715925684271	4.3154767870896	394	NA	454	181
AsAa_g1774_AsAt_g2040	Not-organelle-targeted	-3.78714541057468	-4.002679998151	7.75499191018315	NA	397	435	16	NA
AsAa_g18259_AsAt_g14312	Not-organelle-targeted	3.77726749608476	-2.10677436025559	-4.32950879488124	1.53961102483425	399	1454	132	1100
AsAa_g661_AsAt_g3124	Not-organelle-targeted	3.76684576490409	-1.6317795684923	-6.5287404700661	NA	400	2122	31	NA
AsAa_g3277_AsAt_g525	Not-organelle-targeted	-3.75734663603769	-10.6331004496784	2.01944781580912	8.90608273765525	403	16	693	39
AsAa_g11185_AsAt_g7460	Not-organelle-targeted	-3.7296560001128	-5.51030221268212	NA	NA	408	171	NA	NA
AsAa_g8129_AsAt_g11745	Not-organelle-targeted	3.72693507532614	-1.44071961906619	-4.30340382213555	0.759532649743871	410	2548	135	2732
AsAa_g21758_AsAt_g18710	Mitochondria-targeted_Non-interacting	3.7008635306168	-2.51634238200149	-4.56103118358544	1.61970227576604	415	1066	108	1026
AsAa_g20516_AsAt_g19730	Not-organelle-targeted	-3.68135669043456	-5.56326477438932	NA	2.59715409760066	419	164	NA	469
AsAa_g3537_AsAt_g280	Not-organelle-targeted	3.6806808705859	4.7879157918183	NA	NA	420	279	NA	NA
AsAa_g15239_AsAt_g21473	Not-organelle-targeted	3.66097917753726	NA	NA	4.09940972622669	427	NA	NA	190
AsAa_g20257_AsAt_g16208	Not-organelle-targeted	-3.63580171600662	-0.919165797894557	-1.69709302184654	-4.51269655119329	433	4122	868	168
AsAa_g22659_AsAt_g17847	Not-organelle-targeted	3.61640542376233	6.05436954547061	NA	-1.25786383561944	437	130	NA	1513
AsAa_g10312_AsAt_g8280	Plastid-targeted_Non-interacting	3.58082887247496	4.9945579748877	NA	NA	443	240	NA	NA
AsAa_g12715_AsAt_g10880	Not-organelle-targeted	3.57281737202652	6.27324350417602	2.62916511207061	NA	445	117	416	NA
AsAa_g1949_AsAt_g1863	Not-organelle-targeted	3.56743341239599	5.12725760919234	NA	NA	446	218	NA	NA
AsAa_g1703_AsAt_g2169	Not-organelle-targeted	3.5673249966511	6.78712928333218	NA	-1.23577703566304	447	89	NA	1554
AsAa_g1043_AsAt_g2730	Not-organelle-targeted	-3.50945258412755	-9.55893003950878	-4.67708309056725	NA	461	23	102	NA
AsAa_g9574_AsAt_g8953	Not-organelle-targeted	-3.49210593530265	4.7224686186765	NA	-6.97714808508429	462	286	NA	77
AsAa_g1648_AsAt_g2116	Not-organelle-targeted	3.49207289845448	6.16448806804795	NA	NA	463	122	NA	NA
AsAa_g20969_AsAt_g18990	Not-organelle-targeted	3.48267938165072	6.33462942091321	NA	NA	467	112	NA	NA
AsAa_g5446_AsAt_g3663	Not-organelle-targeted	3.45949488887091	5.87127033014451	NA	NA	472	138	NA	NA
AsAa_g517_AsAt_g3242	Not-organelle-targeted	-3.45543311171987	3.39963202048434	NA	-6.26814634211635	473	616	NA	90
AsAa_g1616_AsAt_g2087	Not-organelle-targeted	3.43823251207581	4.87584130734876	NA	-1.10188600098154	480	263	NA	1809
AsAa_g3029_AsAt_g769	Not-organelle-targeted	3.42844946819343	4.6660683216835	1.10022471254501	NA	483	299	1453	NA
AsAa_g4794_AsAt_g4808	Not-organelle-targeted	-3.41881573440256	-5.11754237006278	NA	NA	487	220	NA	NA
AsAa_g21601_AsAt_g18833	Not-organelle-targeted	-3.38963315017517	-8.77602381062394	NA	5.05368698195546	491	30	NA	136
AsAa_g3320_AsAt_g492	Mitochondria-targeted_Non-interacting	3.3857331378123	-2.30595710596627	-4.72846937437674	NA	492	1248	100	NA
AsAa_g19039_AsAt_g15088	Not-organelle-targeted	-3.3632076797935	-8.12985179452385	-4.11438352638642	NA	497	42	155	NA
AsAa_g10908_AsAt_g7695	Not-organelle-targeted	3.25683097561958	5.18109494631359	NA	-2.01290139991493	516	209	NA	720
AsAa_g15636_AsAt_g21073	Plastid-targeted_Non-interacting	3.25248730988947	4.84921965704793	NA	NA	519	269	NA	NA
AsAa_g19736_AsAt_g15764	Plastid-targeted_Non-interacting	-3.18346779366208	-6.30907403597726	-2.64996537562577	NA	531	114	406	NA
AsAa_g11653_AsAt_g7146	Not-organelle-targeted	3.16303918675676	6.23472118864593	3.54230506928396	NA	536	119	221	NA
AsAa_g17401_AsAt_g16888	Not-organelle-targeted	3.15975342541043	6.1181831107717	NA	NA	537	125	NA	NA
AsAa_g14346_AsAt_g9358	Not-organelle-targeted	3.03461454162148	5.54147692076061	NA	NA	582	167	NA	NA
AsAa_g14933_AsAt_g21749	Not-organelle-targeted	3.02099351683494	NA	NA	4.76990136455149	584	NA	NA	148
AsAa_g2110_AsAt_g1699	Not-organelle-targeted	2.99877709797364	NA	1.69900246294801	5.19666864549439	593	NA	864	128
AsAa_g4850_AsAt_g4770	Not-organelle-targeted	-2.98856254910936	-5.30216934100473	NA	1.95270696215982	597	200	NA	753
AsAa_g16267_AsAt_g20465	Plastid-targeted_Non-interacting	2.96623017708774	8.59093318921706	3.10132341011063	-2.48197267589883	603	32	297	506
AsAa_g12675_AsAt_g10919	Not-organelle-targeted	2.9219142674094	12.1724035246232	8.25784701941655	-0.959792465580624	615	5	10	2124
AsAa_g12645_AsAt_g10964	Not-organelle-targeted	-2.91636462206792	2.76252863169504	5.9032130476441	NA	618	920	48	NA
AsAa_g12880_AsAt_g10747	Not-organelle-targeted	-2.85469928008153	-4.62505741465682	NA	NA	636	302	NA	NA
AsAa_g18032_AsAt_g14073	Plastid-targeted_Non-interacting	-2.80688541400021	-4.68591159694817	-6.28980181096908	-4.475111956123	650	297	35	169
AsAa_g18901_AsAt_g14966	Not-organelle-targeted	2.79919988035614	8.21926054913976	NA	-2.51409314819932	653	37	NA	493
AsAa_g15340_AsAt_g21359	Not-organelle-targeted	2.78920069518645	6.63871723498999	4.87216699559303	NA	657	99	91	NA
AsAa_g2109_AsAt_g1700	Not-organelle-targeted	2.78572524913562	NA	NA	4.53954752316858	659	NA	NA	167
AsAa_g4149_AsAt_g5450	Not-organelle-targeted	2.7816600953398	NA	NA	5.00192534408962	661	NA	NA	141
AsAa_g17039_AsAt_g16350	Not-organelle-targeted	2.74668442503537	5.23999971475373	3.25733415065993	NA	675	204	270	NA
AsAa_g4786_AsAt_g4815	Not-organelle-targeted	2.7432019648263	4.92607848225014	NA	-1.9839902343935	676	247	NA	733
AsAa_g11744_AsAt_g7055	Not-organelle-targeted	-2.68490409362613	-6.83336496633806	NA	NA	694	85	NA	NA
AsAa_g876_AsAt_g2831	Not-organelle-targeted	-2.57204296858456	NA	7.33701496969343	5.75334950345872	734	NA	20	106
AsAa_g19964_AsAt_g15975	Not-organelle-targeted	2.56912846601373	5.70962978083485	2.07210537447032	-1.0806983518877	735	152	666	1862
AsAa_g6386_AsAt_g13448	Not-organelle-targeted	-2.56278276428983	-4.59765177965668	NA	2.07502598855146	738	307	NA	676
AsAa_g19658_AsAt_g15692	Not-organelle-targeted	-2.53453876579801	-5.87819261353417	2.52616958861683	5.88752779496316	753	137	465	101
AsAa_g17873_AsAt_g13911	Not-organelle-targeted	-2.53028607766307	-6.69583927516779	NA	NA	755	95	NA	NA
AsAa_g5897_AsAt_g4150	Not-organelle-targeted	2.51844496227761	7.92596612105995	6.31853368995436	0.934363574913374	760	49	32	2230
AsAa_g23275_AsAt_g17221	Not-organelle-targeted	-2.49278896471543	2.11485565194464	4.35152904437891	NA	770	1443	129	NA
AsAa_g20908_AsAt_g18934	Not-organelle-targeted	2.48262815059115	4.80448680857072	NA	NA	781	276	NA	NA
AsAa_g10703_AsAt_g7906	Not-organelle-targeted	2.47242211581802	6.21325956960045	NA	-1.44750465211625	788	120	NA	1211
AsAa_g8053_AsAt_g11814	Not-organelle-targeted	2.46796823859447	6.05749561043034	3.17768562090192	NA	789	129	286	NA
AsAa_g17204_AsAt_g16662	Not-organelle-targeted	2.45384326142203	4.59702193608722	NA	-2.03582938404233	794	309	NA	708
AsAa_g6850_AsAt_g12951	Not-organelle-targeted	-2.43386242803287	NA	4.53387849675969	NA	801	NA	115	NA
AsAa_g6819_AsAt_g12924	Not-organelle-targeted	-2.42570304690785	-4.82747939438378	-1.25543212599895	NA	806	272	1242	NA
AsAa_g666_AsAt_g3118	Not-organelle-targeted	2.4021369690076	6.74100952254256	4.15249261497792	NA	820	92	147	NA
AsAa_g5787_AsAt_g4048	Not-organelle-targeted	2.36494168426495	5.33964101654568	2.45952817668527	-0.579488050781101	842	198	492	3315
AsAa_g4866_AsAt_g4754	Not-organelle-targeted	2.36118566538221	6.54818791111694	NA	NA	848	104	NA	NA
AsAa_g17353_AsAt_g16848	Not-organelle-targeted	2.35269780155676	5.08268617619983	NA	-2.57865129685966	850	227	NA	471
AsAa_g16623_AsAt_g20101	Not-organelle-targeted	2.31285465445043	-2.52787420605097	NA	4.40027667307255	872	1059	NA	175
AsAa_g12764_AsAt_g10846	Not-organelle-targeted	2.25356373945496	6.71281255446387	4.51077728103695	NA	903	94	117	NA
AsAa_g264_AsAt_g3483	Not-organelle-targeted	2.21930624377619	-4.62141893880775	-3.17082595227787	3.6261214983101	915	303	287	243
AsAa_g8629_AsAt_g6334	Plastid-targeted_Non-interacting	2.19415876021652	NA	6.0783363189737	5.98630848297283	938	NA	42	100
AsAa_g3863_AsAt_g5702	Not-organelle-targeted	2.1907704376265	6.6103913859838	2.70406375353862	-1.73568313811115	942	102	393	924
AsAa_g341_AsAt_g3415	Not-organelle-targeted	2.17014562221845	4.91604428786532	NA	NA	956	249	NA	NA
AsAa_g1698_AsAt_g2163	Not-organelle-targeted	2.06739898074538	5.28172117982485	1.89183191610955	-1.30237550560494	1020	203	747	1443
AsAa_g13215_AsAt_g10444	Not-organelle-targeted	2.06407657722415	4.87130402542819	2.11235612992526	NA	1022	265	639	NA
AsAa_g22573_AsAt_g18105	Not-organelle-targeted	2.05376560452494	5.29347346840653	4.22726155250949	0.968346311732935	1032	201	142	2101
AsAa_g22825_AsAt_g17678	Not-organelle-targeted	2.03310673893783	4.66373104513834	2.15407015388784	NA	1046	300	617	NA
AsAa_g12186_AsAt_g11488	Not-organelle-targeted	-2.03113252040413	-10.9723678286906	NA	8.76774975938925	1049	13	NA	42
AsAa_g22527_AsAt_g18058	Not-organelle-targeted	2.00856433748114	6.61674652907394	4.39567295629724	NA	1058	101	123	NA
AsAa_g7592_AsAt_g12264	Not-organelle-targeted	-2.00808315362731	-2.48641269838099	-5.47903546568793	-5.01154907979347	1059	1083	59	139
AsAa_g11852_AsAt_g12376	Dual-targeted_Non-interacting	-1.9820602760799	-11.1974489647048	NA	10.0875045326787	1073	10	NA	23
AsAa_g6520_AsAt_g13322	Not-organelle-targeted	1.90622594392496	6.35341916048673	6.27966329352481	1.81410233876633	1131	110	36	862
AsAa_g12987_AsAt_g10652	Not-organelle-targeted	1.8919019897388	10.8272508431496	NA	-7.18637226689743	1144	15	NA	66
AsAa_g21697_AsAt_g18766	Not-organelle-targeted	1.82578319775077	-4.91089574311062	-7.80137878923426	1.31507114018685	1196	250	14	1426
AsAa_g21867_AsAt_g18609	Not-organelle-targeted	-1.78171497780109	4.37809343982122	6.82874595315636	NA	1229	355	27	NA
AsAa_g14990_AsAt_g21701	Not-organelle-targeted	1.69875845295337	5.51383925803123	3.45089115215044	NA	1309	170	235	NA
AsAa_g5151_AsAt_g9270	Not-organelle-targeted	-1.67042690554634	-10.2984057749427	NA	9.02674772848896	1342	17	NA	38
AsAa_g4716_AsAt_g4888	Not-organelle-targeted	1.63247121633144	7.06225281158197	3.35383424795783	-2.09809855227136	1382	75	254	665
AsAa_g490_AsAt_g3270	Not-organelle-targeted	1.61722523169661	4.82742046671328	2.3981142423977	NA	1397	273	526	NA
AsAa_g6180_AsAt_g13654	Not-organelle-targeted	1.5753251049511	-5.40037348782455	NA	7.68402627344548	1444	189	NA	54
AsAa_g13531_AsAt_g10142	Not-organelle-targeted	1.46876308176508	5.31365358591347	3.66628922397415	NA	1569	199	200	NA
AsAa_g23082_AsAt_g17435	Mitochondria-targeted_Interacting	1.27211469064867	5.06652033310271	3.22966438329337	NA	1835	231	274	NA
AsAa_g21906_AsAt_g18574	Not-organelle-targeted	-0.76225682008273	5.46489058935185	2.75223799675579	-3.48471962177513	2822	182	385	267
AsAa_g10914_AsAt_g7689	Not-organelle-targeted	0.741111551715139	4.52086881355189	4.26304273064707	NA	2872	322	140	NA
AsAa_g6852_AsAt_g12953	Not-organelle-targeted	NA	NA	NA	-4.69778852252352	NA	NA	NA	150
AsAa_g22661_AsAt_g17845	Not-organelle-targeted	NA	4.88040204667244	2.19601621732508	-4.60740429273109	NA	260	594	156
AsAa_g1781_AsAt_g2032	Not-organelle-targeted	NA	4.70469198677427	NA	-5.09583895316776	NA	294	NA	133
AsAa_g11748_AsAt_g7051	Not-organelle-targeted	NA	-4.18675443514119	-4.3607435817741	NA	NA	391	128	NA
AsAa_g15855_AsAt_g20854	Not-organelle-targeted	NA	NA	-4.9745456819783	-3.59381494256689	NA	NA	81	249
AsAa_g4325_AsAt_g5278	Not-organelle-targeted	NA	-5.77654080735052	NA	5.15448387143667	NA	144	NA	130
AsAa_g3782_AsAt_g55	Not-organelle-targeted	NA	3.04057109865027	4.26789718879338	2.48300749253636	NA	757	138	505
AsAa_g11737_AsAt_g7062	Not-organelle-targeted	NA	6.45430456748859	5.51173258065385	NA	NA	109	57	NA
AsAa_g17978_AsAt_g14016	Not-organelle-targeted	NA	NA	-5.76625257233992	-3.91391309140525	NA	NA	53	211
AsAa_g21046_AsAt_g19067	Not-organelle-targeted	NA	-3.55272821431336	-4.52436261293744	NA	NA	550	116	NA
AsAa_g17862_AsAt_g6231	Not-organelle-targeted	NA	9.30177786562217	NA	-12.2760978756056	NA	24	NA	2
AsAa_g1843_AsAt_g1969	Not-organelle-targeted	NA	-4.75713974069414	-3.23222298361106	NA	NA	282	273	NA
AsAa_g17928_AsAt_g13946	Not-organelle-targeted	NA	6.88138611689929	NA	-6.36594104651433	NA	83	NA	88
AsAa_g9729_AsAt_g8816	Not-organelle-targeted	NA	NA	NA	5.33816672772229	NA	NA	NA	122
AsAa_g22417_AsAt_g17930	Not-organelle-targeted	NA	NA	NA	-4.57592535390441	NA	NA	NA	162
AsAa_g19447_AsAt_g15489	Not-organelle-targeted	NA	-4.15030814686604	-5.35783039487432	NA	NA	402	60	NA
AsAa_g14775_AsAt_g21889	Not-organelle-targeted	NA	-6.0724097413506	-2.31927992585786	3.05972732463157	NA	127	556	336
AsAa_g10528_AsAt_g8080	Not-organelle-targeted	NA	2.0154650106105	4.78609325090119	NA	NA	1551	96	NA
AsAa_g9036_AsAt_g6718	Not-organelle-targeted	NA	5.71545152190774	NA	NA	NA	150	NA	NA
AsAa_g13383_AsAt_g10279	Not-organelle-targeted	NA	-5.68894553471392	-4.04031724792106	NA	NA	153	168	NA
AsAa_g13151_AsAt_g10500	Not-organelle-targeted	NA	7.16558846839524	NA	NA	NA	72	NA	NA
AsAa_g9691_AsAt_g8854	Not-organelle-targeted	NA	-7.14958587059479	-5.67389371435689	NA	NA	73	55	NA
AsAa_g22544_AsAt_g18076	Not-organelle-targeted	NA	-6.82295861523694	-3.04022350083051	NA	NA	87	313	NA
AsAa_g9306_AsAt_g9203	Not-organelle-targeted	NA	5.4982115888293	NA	-5.10203333048453	NA	174	NA	132
AsAa_g8899_AsAt_g6595	Not-organelle-targeted	NA	-2.91137924115549	NA	4.18563189595042	NA	820	NA	185
AsAa_g22039_AsAt_g18443	Not-organelle-targeted	NA	4.85377526656912	NA	NA	NA	267	NA	NA
AsAa_g8652_AsAt_g6360	Plastid-targeted_Non-interacting	NA	-3.71726360512841	6.010834329468	10.8540247961157	NA	503	44	8
AsAa_g2412_AsAt_g1392	Not-organelle-targeted	NA	NA	-4.38340729144708	NA	NA	NA	125	NA
AsAa_g21050_AsAt_g19070	Not-organelle-targeted	NA	5.60277457273642	NA	NA	NA	163	NA	NA
AsAa_g3822_AsAt_g100	Not-organelle-targeted	NA	NA	4.53569483948544	NA	NA	NA	113	NA
AsAa_g3772_AsAt_g44	Not-organelle-targeted	NA	-5.18681804869764	-5.12552348306148	NA	NA	208	73	NA
AsAa_g3743_AsAt_g14	Not-organelle-targeted	NA	8.20589963618587	NA	-3.08384221046271	NA	38	NA	327
AsAa_g3714_AsAt_g125	Not-organelle-targeted	NA	NA	-4.43083501818596	NA	NA	NA	122	NA
AsAa_g3647_AsAt_g180	Not-organelle-targeted	NA	-9.12438900457541	-3.43094957087782	NA	NA	26	239	NA
AsAa_g3482_AsAt_g336	Not-organelle-targeted	NA	5.93535645235381	NA	-3.28795757515489	NA	135	NA	296
AsAa_g3478_AsAt_g340	Not-organelle-targeted	NA	4.70020663210936	2.07219431024727	-2.02533858323322	NA	295	665	717
AsAa_g3082_AsAt_g719	Not-organelle-targeted	NA	-4.42634925452451	-8.40919613623607	-3.85383636703278	NA	351	9	217
AsAa_g2999_AsAt_g803	Not-organelle-targeted	NA	-8.11336071268884	-5.04724142820941	NA	NA	43	76	NA
AsAa_g21641_AsAt_g18800	Not-organelle-targeted	NA	3.88777505976901	NA	-4.77297123836299	NA	457	NA	147
AsAa_g17185_AsAt_g16231	Not-organelle-targeted	NA	-3.4632245177962	-4.49761088830451	NA	NA	593	118	NA
AsAa_g12078_AsAt_g5967	Not-organelle-targeted	NA	NA	-4.9400891620803	NA	NA	NA	83	NA
AsAa_g12220_AsAt_g11453	Not-organelle-targeted	NA	-4.99593139099519	NA	NA	NA	239	NA	NA
AsAa_g20135_AsAt_g16132	Not-organelle-targeted	NA	-7.27177971489127	-3.49798427956722	NA	NA	68	226	NA
AsAa_g22321_AsAt_g18181	Not-organelle-targeted	NA	NA	-5.16900626423278	NA	NA	NA	72	NA
AsAa_g22302_AsAt_g18199	Not-organelle-targeted	NA	4.01239662433914	5.01315952191789	NA	NA	434	78	NA
AsAa_g4697_AsAt_g4906	Not-organelle-targeted	NA	-8.04957533055637	-6.5725688632048	NA	NA	46	30	NA
AsAa_g4582_AsAt_g5021	Not-organelle-targeted	NA	5.44369111140269	NA	NA	NA	185	NA	NA
AsAa_g4506_AsAt_g5096	Plastid-targeted_Non-interacting	NA	NA	3.82514466485443	4.57907092035988	NA	NA	185	160
AsAa_g4446_AsAt_g5155	Not-organelle-targeted	NA	5.38527970447779	NA	-3.46937347079135	NA	191	NA	268
AsAa_g4346_AsAt_g5261	Not-organelle-targeted	NA	-1.80859443250013	-4.92052263616262	NA	NA	1825	85	NA
AsAa_g4320_AsAt_g5282	Not-organelle-targeted	NA	-4.79964975512694	-2.61487849547044	NA	NA	277	426	NA
AsAa_g4317_AsAt_g5285	Not-organelle-targeted	NA	4.84390608774664	NA	NA	NA	271	NA	NA
AsAa_g4167_AsAt_g5433	Not-organelle-targeted	NA	4.71682458308509	NA	NA	NA	288	NA	NA
AsAa_g4091_AsAt_g5517	Not-organelle-targeted	NA	-5.22095496740452	NA	NA	NA	206	NA	NA
AsAa_g6469_AsAt_g13369	Not-organelle-targeted	NA	NA	-4.32042753055748	-3.24036536258351	NA	NA	134	298
AsAa_g1480_AsAt_g2334	Not-organelle-targeted	NA	NA	NA	4.57949590698911	NA	NA	NA	159
AsAa_g1545_AsAt_g2266	Not-organelle-targeted	NA	NA	4.9910971096161	4.47503540235089	NA	NA	80	170
AsAa_g1581_AsAt_g2050	Not-organelle-targeted	NA	-4.81201702814401	NA	3.80576431945864	NA	274	NA	224
AsAa_g14065_AsAt_g9615	Not-organelle-targeted	NA	-4.71522773352104	NA	NA	NA	289	NA	NA
AsAa_g11691_AsAt_g7107	Not-organelle-targeted	NA	6.34538046253278	NA	NA	NA	111	NA	NA
AsAa_g13245_AsAt_g10410	Not-organelle-targeted	NA	NA	-4.89264653903553	NA	NA	NA	90	NA
AsAa_g7007_AsAt_g13101	Not-organelle-targeted	NA	NA	5.70002228950626	4.63573989588474	NA	NA	54	154
AsAa_g6432_AsAt_g13403	Not-organelle-targeted	NA	-5.35056501579346	-2.50215002749066	2.17050467829664	NA	196	478	632
AsAa_g13770_AsAt_g9905	Not-organelle-targeted	NA	-2.16474197218293	2.38451058222695	4.58859478954586	NA	1385	534	158
AsAa_g13769_AsAt_g9906	Not-organelle-targeted	NA	NA	-6.71284574456421	NA	NA	NA	29	NA
AsAa_g13761_AsAt_g9913	Not-organelle-targeted	NA	-1.54975619130425	-7.31306293980705	-4.11504023102927	NA	2291	21	189
AsAa_g13739_AsAt_g9934	Not-organelle-targeted	NA	-5.71820162583112	-6.88258529521917	NA	NA	149	26	NA
AsAa_g13578_AsAt_g10095	Not-organelle-targeted	NA	6.50845909113793	5.11358169046519	NA	NA	106	74	NA
AsAa_g18683_AsAt_g14737	Not-organelle-targeted	NA	-3.54051551171901	NA	4.42261747153065	NA	557	NA	173
AsAa_g18822_AsAt_g14875	Not-organelle-targeted	NA	NA	NA	5.41111841420452	NA	NA	NA	118
AsAa_g19001_AsAt_g15047	Not-organelle-targeted	NA	5.00127875987299	NA	NA	NA	238	NA	NA
AsAa_g19029_AsAt_g15078	Plastid-targeted_Non-interacting	NA	NA	3.2450223805163	5.21347736699195	NA	NA	271	127
AsAa_g19077_AsAt_g15122	Mitochondria-targeted_Non-interacting	NA	-1.41312118575755	4.93956054346562	6.50212394470964	NA	2609	84	87
AsAa_g2763_AsAt_g1040	Not-organelle-targeted	NA	NA	6.15655396623978	NA	NA	NA	40	NA
AsAa_g2814_AsAt_g992	Not-organelle-targeted	NA	NA	NA	4.56064437638584	NA	NA	NA	163
AsAa_g8842_AsAt_g6541	Not-organelle-targeted	NA	5.60500017954801	1.84009129224103	-5.05947167640022	NA	162	781	135
AsAa_g14504_AsAt_g22196	Not-organelle-targeted	NA	-4.67329365108019	NA	NA	NA	298	NA	NA
AsAa_g14450_AsAt_g22147	Not-organelle-targeted	NA	6.071984773169	5.86976407295632	NA	NA	128	49	NA
AsAa_g12584_AsAt_g11105	Not-organelle-targeted	NA	4.41045258808324	NA	-4.57602626821236	NA	353	NA	161
AsAa_g20226_AsAt_g16187	Not-organelle-targeted	NA	7.45876329651826	NA	NA	NA	64	NA	NA
AsAa_g22601_AsAt_g17906	Not-organelle-targeted	NA	-5.01706572006464	-4.10917320736242	NA	NA	236	157	NA
AsAa_g22703_AsAt_g17801	Not-organelle-targeted	NA	NA	NA	4.41661014916594	NA	NA	NA	174
AsAa_g22736_AsAt_g17766	Not-organelle-targeted	NA	8.22063261910177	NA	NA	NA	36	NA	NA
AsAa_g22800_AsAt_g17701	Not-organelle-targeted	NA	-5.1631911470875	-4.96293510301392	NA	NA	211	82	NA
AsAa_g22811_AsAt_g17691	Not-organelle-targeted	NA	-3.55029323276894	-4.90346191549981	NA	NA	552	88	NA
AsAa_g22885_AsAt_g17626	Not-organelle-targeted	NA	-8.56237629326497	-4.10943767942314	5.54213886313386	NA	33	156	110
AsAa_g23087_AsAt_g17431	Not-organelle-targeted	NA	-4.08812106935595	-4.33889607616299	NA	NA	419	131	NA
AsAa_g23093_AsAt_g17425	Not-organelle-targeted	NA	8.18079573537854	7.55720301777219	NA	NA	41	18	NA
AsAa_g23121_AsAt_g17391	Not-organelle-targeted	NA	5.72833920627283	NA	NA	NA	148	NA	NA
AsAa_g23179_AsAt_g17333	Not-organelle-targeted	NA	-4.8730250545815	NA	NA	NA	264	NA	NA
AsAa_g23190_AsAt_g17320	Not-organelle-targeted	NA	-4.89696552397577	-3.18410822474112	1.86957628321855	NA	253	283	814
AsAa_g23211_AsAt_g17166	Not-organelle-targeted	NA	-10.8714631215533	-1.23603204815421	10.4183252004732	NA	14	1271	15
AsAa_g23287_AsAt_g17232	Not-organelle-targeted	NA	-5.44867881441819	NA	NA	NA	184	NA	NA
AsAa_g14195_AsAt_g9489	Not-organelle-targeted	NA	-4.68662933987524	-3.27883261500387	NA	NA	296	266	NA
AsAa_g12796_AsAt_g10821	Not-organelle-targeted	NA	4.89843812061173	NA	-3.01272269257249	NA	251	NA	350
AsAa_g568_AsAt_g3206	Not-organelle-targeted	NA	NA	NA	5.77343930369678	NA	NA	NA	105
AsAa_g262_AsAt_g3485	Not-organelle-targeted	NA	5.02111231558144	2.75059820289057	NA	NA	235	386	NA
AsAa_g193_AsAt_g3553	Not-organelle-targeted	NA	-4.94495600959647	-2.52462383579548	2.84224391634533	NA	246	467	388
AsAa_g19_AsAt_g3774	Not-organelle-targeted	NA	-6.63518517988302	-1.21754757826449	5.53373973269377	NA	100	1294	111
AsAa_g963_AsAt_g2804	Not-organelle-targeted	NA	NA	NA	-4.22586630708331	NA	NA	NA	184
AsAa_g16149_AsAt_g20577	Not-organelle-targeted	NA	4.72089005452202	NA	NA	NA	287	NA	NA
AsAa_g16120_AsAt_g20607	Plastid-targeted_Non-interacting	NA	-7.50535397178536	-5.30374695666893	2.77877460072752	NA	61	64	406
AsAa_g16061_AsAt_g20664	Not-organelle-targeted	NA	-5.42255863881948	NA	7.03415699196444	NA	186	NA	75
AsAa_g15949_AsAt_g20768	Not-organelle-targeted	NA	5.3411343079032	NA	-4.36590953309363	NA	197	NA	177
AsAa_g15807_AsAt_g20904	Not-organelle-targeted	NA	9.03747054633574	NA	-8.80535505354946	NA	27	NA	41
AsAa_g15684_AsAt_g21026	Not-organelle-targeted	NA	NA	4.62603503121475	NA	NA	NA	105	NA
AsAa_g15153_AsAt_g21539	Not-organelle-targeted	NA	4.47455250189891	5.17697832738608	NA	NA	338	71	NA
AsAa_g15136_AsAt_g21557	Not-organelle-targeted	NA	2.21868421684436	NA	-5.21728797351773	NA	1324	NA	126
AsAa_g15124_AsAt_g21569	Not-organelle-targeted	NA	NA	NA	-4.03945639540048	NA	NA	NA	195
AsAa_g14975_AsAt_g21712	Not-organelle-targeted	NA	-4.73239864404255	NA	NA	NA	284	NA	NA
AsAa_g14827_AsAt_g21840	Not-organelle-targeted	NA	NA	-4.77852920275932	NA	NA	NA	97	NA
AsAa_g12229_AsAt_g21901	Not-organelle-targeted	NA	NA	NA	5.50592241242443	NA	NA	NA	113
AsAa_g14722_AsAt_g21945	Not-organelle-targeted	NA	-2.20493195806451	NA	6.33790174757035	NA	1341	NA	89
AsAa_g14697_AsAt_g21975	Not-organelle-targeted	NA	-4.98985491328592	NA	NA	NA	242	NA	NA
AsAa_g14637_AsAt_g22039	Mitochondria-targeted_Non-interacting	NA	5.83055294766256	5.32420285183306	NA	NA	141	62	NA
AsAa_g6376_AsAt_g13455	Not-organelle-targeted	NA	NA	-8.18327764120952	-6.90509011159606	NA	NA	12	80
AsAa_g20568_AsAt_g19688	Not-organelle-targeted	NA	NA	-2.50712389403393	-7.14096505315581	NA	NA	474	69
AsAa_g6764_AsAt_g12863	Not-organelle-targeted	NA	-7.23315603314786	-4.68535692273596	NA	NA	70	101	NA
AsAa_g6725_AsAt_g12811	Not-organelle-targeted	NA	3.81343692100365	NA	-6.03400749345786	NA	473	NA	98
AsAa_g6694_AsAt_g12781	Not-organelle-targeted	NA	-3.68258779641135	-4.78808873233993	NA	NA	515	95	NA
AsAa_g6627_AsAt_g12762	Not-organelle-targeted	NA	NA	7.17613454677819	NA	NA	NA	23	NA
AsAa_g6639_AsAt_g12747	Not-organelle-targeted	NA	NA	NA	4.05145778691719	NA	NA	NA	194
AsAa_g7296_AsAt_g12558	Not-organelle-targeted	NA	4.89779239268127	NA	-3.66471413265827	NA	252	NA	235
AsAa_g7505_AsAt_g12355	Not-organelle-targeted	NA	-6.10096730957925	-5.20222791836768	NA	NA	126	68	NA
AsAa_g7700_AsAt_g12161	Not-organelle-targeted	NA	NA	5.1975520328194	NA	NA	NA	69	NA
AsAa_g7831_AsAt_g12018	Not-organelle-targeted	NA	-7.48322555559653	-4.82047261058346	NA	NA	63	94	NA
AsAa_g7923_AsAt_g11934	Not-organelle-targeted	NA	-4.32285987433903	NA	4.45712629995701	NA	369	NA	171
AsAa_g8021_AsAt_g11843	Not-organelle-targeted	NA	-7.912288886485	-4.14980727303221	NA	NA	50	148	NA
AsAa_g4034_AsAt_g5574	Not-organelle-targeted	NA	2.56934960071263	-2.47287261045724	-4.54690322355746	NA	1030	488	166
AsAa_g19349_AsAt_g15389	Not-organelle-targeted	NA	-4.71472039288329	-3.18305625633017	NA	NA	290	284	NA
AsAa_g9997_AsAt_g8564	Not-organelle-targeted	NA	-4.43365239027063	-5.20520878080994	NA	NA	350	66	NA
AsAa_g9890_AsAt_g8648	Not-organelle-targeted	NA	NA	9.4756938936921	NA	NA	NA	5	NA
AsAa_g9898_AsAt_g8655	Not-organelle-targeted	NA	5.08370934473537	NA	-3.87404203616435	NA	226	NA	214
AsAa_g9721_AsAt_g8824	Not-organelle-targeted	NA	4.59804906069931	3.94382143185646	NA	NA	306	178	NA
AsAa_g9351_AsAt_g9152	Not-organelle-targeted	NA	5.11558152206245	NA	NA	NA	221	NA	NA
AsAa_g9296_AsAt_g9212	Not-organelle-targeted	NA	6.02371712353556	NA	-5.05082308247099	NA	132	NA	137
AsAa_g21260_AsAt_g19256	Not-organelle-targeted	NA	-4.08544493904331	-4.45393184271599	NA	NA	422	119	NA
AsAa_g20702_AsAt_g19569	Not-organelle-targeted	NA	5.54032654234773	2.40573318495022	-3.33758495450427	NA	168	523	288
AsAa_g5519_AsAt_g3828	Not-organelle-targeted	NA	NA	4.34325544693468	3.13167841804075	NA	NA	130	321
AsAa_g11274_AsAt_g7395	Not-organelle-targeted	NA	-5.49997094442866	-4.43279452434368	NA	NA	173	121	NA
AsAa_g6095_AsAt_g4326	Not-organelle-targeted	NA	5.67803399960342	NA	-2.31976740377428	NA	155	NA	569
AsAa_g6004_AsAt_g4252	Not-organelle-targeted	NA	5.16663709944077	5.51141938116451	NA	NA	210	58	NA
AsAa_g5878_AsAt_g4134	Not-organelle-targeted	NA	-3.04181157770409	NA	4.59734479277254	NA	756	NA	157
AsAa_g5860_AsAt_g4117	Not-organelle-targeted	NA	-4.88676244737567	NA	NA	NA	256	NA	NA
AsAa_g12934_AsAt_g10697	Not-organelle-targeted	NA	-7.85374814394017	-5.20261473497818	NA	NA	53	67	NA
AsAa_g20376_AsAt_g19856	Not-organelle-targeted	NA	5.77288327368805	NA	NA	NA	145	NA	NA
AsAa_g20331_AsAt_g19902	Not-organelle-targeted	NA	4.18400829240879	NA	-4.33314688780326	NA	394	NA	180
AsAa_g16183_AsAt_g20543	Not-organelle-targeted	NA	-5.07240890554009	-1.93146738224782	NA	NA	230	736	NA
AsAa_g16206_AsAt_g20518	Not-organelle-targeted	NA	-4.98096336977826	-1.00070868493575	3.62060963816232	NA	244	1587	244
AsAa_g16251_AsAt_g20481	Not-organelle-targeted	NA	3.08774677643625	7.012893904092	3.18708499128923	NA	734	25	311
AsAa_g16266_AsAt_g20466	Not-organelle-targeted	NA	NA	9.52710238684683	NA	NA	NA	4	NA
AsAa_g16382_AsAt_g20342	Not-organelle-targeted	NA	6.93588058704672	NA	-4.01189450646744	NA	80	NA	202
AsAa_g16425_AsAt_g20297	Not-organelle-targeted	NA	-5.6613281548905	-3.12532628124898	1.8362832268475	NA	158	295	839
AsAa_g16503_AsAt_g20217	Not-organelle-targeted	NA	NA	NA	-4.12619506915839	NA	NA	NA	187
AsAt_g20132_AsAa_g16599	Not-organelle-targeted	NA	4.89475034353503	6.29507457770165	0.821687991553306	NA	254	34	2530
AsAa_g16701_AsAt_g20016	Not-organelle-targeted	NA	3.89934997882156	NA	-5.78374798799958	NA	452	NA	104
AsAa_g21931_AsAt_g18549	Not-organelle-targeted	NA	6.28497806562951	NA	NA	NA	116	NA	NA
AsAa_g21908_AsAt_g18572	Not-organelle-targeted	NA	3.2508663174639	4.61156872312873	NA	NA	663	106	NA
AsAa_g21838_AsAt_g18634	Not-organelle-targeted	NA	-6.66710883770874	-2.34526790870397	NA	NA	96	548	NA
AsAa_g7115_AsAt_g13208	Not-organelle-targeted	NA	4.06295703387168	4.59753859554622	NA	NA	424	107	NA
AsAa_g7066_AsAt_g13161	Not-organelle-targeted	NA	5.66543047283629	NA	NA	NA	157	NA	NA
AsAa_g10886_AsAt_g7714	Not-organelle-targeted	NA	-4.32967371380429	NA	8.53835042123135	NA	365	NA	46
AsAa_g10303_AsAt_g8287	Not-organelle-targeted	NA	5.10157501942199	3.62420659357351	NA	NA	222	207	NA
AsAa_g10507_AsAt_g8105	Not-organelle-targeted	NA	1.89949233984168	NA	-4.08695321233558	NA	1702	NA	191
AsAa_g10987_AsAt_g7626	Not-organelle-targeted	NA	4.29835513117595	NA	-5.30561307338883	NA	370	NA	125
AsAa_g11124_AsAt_g7504	Plastid-targeted_Non-interacting	NA	4.1672754264101	4.29843072520388	NA	NA	397	136	NA
AsAa_g11136_AsAt_g7494	Not-organelle-targeted	NA	3.3441534405102	4.45188634748253	NA	NA	635	120	NA
AsAa_g17314_AsAt_g16808	Not-organelle-targeted	NA	-3.2450669414353	-5.02580036673828	NA	NA	664	77	NA
AsAa_g17176_AsAt_g16260	Not-organelle-targeted	NA	-1.61715871892105	-4.37714205177972	NA	NA	2156	126	NA
AsAa_g17038_AsAt_g16351	Not-organelle-targeted	NA	4.46989271882979	4.26644022817113	NA	NA	339	139	NA
AsAa_g16918_AsAt_g16444	Not-organelle-targeted	NA	4.87623653838512	NA	-5.48710615940889	NA	262	NA	114
AsAa_g9201_AsAt_g6874	Not-organelle-targeted	NA	3.7757912661532	4.62925773370523	2.98286217131462	NA	486	104	355
AsAa_g5007_AsAt_g4626	Not-organelle-targeted	NA	4.79217369552801	NA	NA	NA	278	NA	NA
AsAa_g15858_AsAt_g20852	Not-organelle-targeted	NA	NA	NA	4.78948690785986	NA	NA	NA	145
AsAa_g1751_AsAt_g2211	Not-organelle-targeted	NA	-6.99257473901871	NA	NA	NA	78	NA	NA
AsAa_g21327_AsAt_g19305	Not-organelle-targeted	NA	7.49448579833737	NA	-2.9153168692027	NA	62	NA	369
AsAa_g21322_AsAt_g19300	Mitochondria-targeted_Non-interacting	NA	0.750617770544893	-8.75067624168386	-10.1013312254398	NA	4780	8	22
AsAa_g11448_AsAt_g7296	Not-organelle-targeted	NA	-5.8846195716499	-4.99583781211437	NA	NA	136	79	NA
AsAa_g20813_AsAt_g19460	Not-organelle-targeted	NA	NA	-4.77755739917774	-6.05298712253058	NA	NA	98	96
AsAa_g21724_AsAt_g18740	Not-organelle-targeted	NA	4.12817785081878	4.90371534755989	NA	NA	405	87	NA
AsAa_g5879_AsAt_g4135	Not-organelle-targeted	NA	-3.76479825755229	-6.24577617146774	NA	NA	490	37	NA
AsAa_g19539_AsAt_g15575	Not-organelle-targeted	NA	7.8192999787689	NA	-3.74119233738767	NA	54	NA	232
AsAa_g9009_AsAt_g6689	Not-organelle-targeted	NA	7.382985680862	7.78034328244499	NA	NA	66	15	NA
AsAa_g8991_AsAt_g6675	Not-organelle-targeted	NA	NA	NA	4.64736498614211	NA	NA	NA	152
AsAa_g12683_AsAt_g10912	Not-organelle-targeted	NA	-4.61514920095085	-3.53657361265343	NA	NA	304	223	NA
AsAa_g8429_AsAt_g6080	Not-organelle-targeted	NA	2.71960434641604	4.53933003215678	2.26200998798509	NA	944	110	593
AsAa_g17879_AsAt_g13916	Not-organelle-targeted	NA	-3.6064170345638	-5.30869080648006	NA	NA	534	63	NA
AsAt_g13965_AsAa_g17911	Not-organelle-targeted	NA	2.34288407934552	7.6453321745797	5.45889177396476	NA	1208	17	116
AsAa_g18117_AsAt_g14165	Not-organelle-targeted	NA	-4.88334973648905	NA	NA	NA	258	NA	NA
AsAa_g18144_AsAt_g14193	Not-organelle-targeted	NA	NA	NA	4.35109542817354	NA	NA	NA	178
AsAa_g18254_AsAt_g14306	Not-organelle-targeted	NA	-5.28564169988072	-7.42423316835217	NA	NA	202	19	NA
AsAa_g18262_AsAt_g14315	Not-organelle-targeted	NA	-5.09326747975605	NA	NA	NA	224	NA	NA
AsAa_g18531_AsAt_g14589	Not-organelle-targeted	NA	5.5460586939613	NA	NA	NA	166	NA	NA
AsAa_g18552_AsAt_g14611	Not-organelle-targeted	NA	5.52471434180088	NA	-2.49934134760578	NA	169	NA	499
AsAa_g18556_AsAt_g14616	Not-organelle-targeted	NA	NA	NA	6.15588987217111	NA	NA	NA	92
AsAa_g18590_AsAt_g14652	Not-organelle-targeted	NA	1.08360582999488	4.86166408298725	4.94396079553962	NA	3527	92	142
AsAa_g18660_AsAt_g14708	Not-organelle-targeted	NA	NA	NA	5.38712386108566	NA	NA	NA	120
AsAa_g18661_AsAt_g14712	Not-organelle-targeted	NA	4.44123975892104	5.80652714230142	NA	NA	346	52	NA
AsAa_g19677_AsAt_g15709	Not-organelle-targeted	NA	5.19586077094559	NA	-3.65119584581492	NA	207	NA	240
AsAa_g1155_AsAt_g2634	Not-organelle-targeted	NA	4.92036757026421	NA	-2.79693060286475	NA	248	NA	400
AsAa_g3601_AsAt_g221	Not-organelle-targeted	NA	6.14308380827089	NA	NA	NA	124	NA	NA
AsAa_g5643_AsAt_g3921	Not-organelle-targeted	NA	5.75439536604737	NA	NA	NA	147	NA	NA
AsAa_g21112_AsAt_g19117	Not-organelle-targeted	NA	-3.71083111707551	2.8624212893048	5.03237964000576	NA	504	346	138
AsAa_g21177_AsAt_g19170	Not-organelle-targeted	NA	NA	6.29868707234696	NA	NA	NA	33	NA
AsAa_g1866_AsAt_g1949	Not-organelle-targeted	NA	-4.86765366347061	NA	NA	NA	266	NA	NA
AsAa_g14789_AsAt_g21876	Not-organelle-targeted	NA	-7.25095950877548	NA	7.12553071615391	NA	69	NA	71
AsAa_g2296_AsAt_g1512	Not-organelle-targeted	NA	6.92386862598532	NA	-3.85104525005244	NA	81	NA	218
AsAa_g6264_AsAt_g13568	Plastid-targeted_Non-interacting	NA	4.55355733765157	4.8363183332181	NA	NA	314	93	NA
AsAa_g6205_AsAt_g13675	Not-organelle-targeted	NA	NA	-4.53628081844427	NA	NA	NA	112	NA
AsAa_g23292_AsAt_g17237	Not-organelle-targeted	NA	6.82777283721292	NA	-2.34316336110228	NA	86	NA	560
AsAa_g19464_AsAt_g15505	Not-organelle-targeted	NA	-4.78249666783664	-2.55445667510462	2.04329761107686	NA	280	450	702
AsAa_g4389_AsAt_g5217	Not-organelle-targeted	NA	-4.77288467364513	3.15180089025008	8.72889128771442	NA	281	290	43
AsAa_g8297_AsAt_g11596	Not-organelle-targeted	NA	6.99434782212288	4.37364387567077	NA	NA	77	127	NA
AsAa_g5731_AsAt_g3996	Not-organelle-targeted	NA	NA	NA	-6.50503346675198	NA	NA	NA	86
AsAa_g5296_AsAt_g4399	Plastid-targeted_Non-interacting	NA	-6.98668424261106	NA	NA	NA	79	NA	NA
AsAa_g13763_AsAt_g9911	Not-organelle-targeted	NA	-6.15138463926812	-5.24857663376118	NA	NA	123	65	NA
AsAa_g13655_AsAt_g10015	Not-organelle-targeted	NA	-4.85346905802779	-4.28244175119314	NA	NA	268	137	NA
AsAt_g10039_AsAa_g13629	Not-organelle-targeted	NA	-5.83130913024807	NA	7.6184986983359	NA	140	NA	55
AsAa_g3098_AsAt_g707	Not-organelle-targeted	NA	-5.09987717136882	NA	NA	NA	223	NA	NA
AsAa_g2952_AsAt_g846	Not-organelle-targeted	NA	-4.62565124524145	-6.18374529342612	NA	NA	301	39	NA
AsAa_g6739_AsAt_g12835	Not-organelle-targeted	NA	-4.84673349177585	NA	NA	NA	270	NA	NA
AsAa_g13214_AsAt_g10445	Not-organelle-targeted	NA	5.47443838635534	NA	NA	NA	178	NA	NA
